pID,X1,X2,Cluster
0,-16.489798,6.2885404,1
1,8.602098,9.815202,1
2,-15.018526,-0.49445522,1
3,-8.837712,9.078479,1
4,18.001387,-0.6053924,1
5,6.9437966,7.117297,1
6,19.564144,11.585896,1
7,-5.643909,-21.534658,1
8,11.675885,-24.75375,1
9,-13.889145,-2.937339,1
10,-9.4326105,-11.011846,1
11,-14.670032,1.9187708,1
12,-5.7005167,8.860124,1
13,11.989504,-18.24423,1
14,20.263409,-13.194367,1
15,6.098775,13.623004,1
16,9.158587,11.186887,1
17,0.4785673,5.0743494,1
18,-15.733581,9.799486,1
19,4.633787,-4.58044,1
20,-13.3967285,-4.971434,1
21,12.898382,-15.371042,1
22,18.279202,-15.427437,1
23,-16.928986,1.4132404,1
24,-13.662316,-4.4455576,1
25,2.2282348,-0.5971938,1
26,-11.92402,-6.506848,1
27,-0.9172549,5.4641185,1
28,-3.172816,2.4729466,1
29,-2.7745125,-0.23620974,1
30,-7.429287,-6.5538554,1
31,-13.134419,7.4663596,1
32,-2.9900253,13.297681,1
33,0.67058676,18.775692,1
34,15.743235,3.5120876,1
35,11.78889,-16.216562,1
36,11.228242,14.26789,1
37,-6.661505,8.047575,1
38,1.0195537,13.902907,1
39,17.170502,3.6630287,1
40,12.901567,-12.359124,1
41,12.531609,-21.165693,1
42,-9.686862,9.365088,1
43,-3.1021411,4.4449234,1
44,12.178351,-29.112152,1
45,-6.202541,10.480414,1
46,-7.2259145,8.753781,1
47,-10.819903,-7.9093237,1
48,-7.820252,-6.1459265,1
49,2.7568889,16.286785,1
50,-4.583221,-7.666187,1
51,2.5154805,-20.597778,1
52,15.275309,-18.983366,1
53,9.346681,22.163382,1
54,22.045654,7.5227184,1
55,-3.0123346,-14.372527,1
56,10.998628,-25.172298,1
57,-11.662048,6.041649,1
58,8.905398,21.858675,1
59,-1.3808383,9.281268,1
60,-6.815312,-5.4878244,1
61,-5.593344,-4.626715,1
62,-14.165166,-2.7333255,1
63,-10.047567,-4.8305283,1
64,2.9333448,-7.689459,1
65,12.8723,14.119085,1
66,19.215446,11.672546,1
67,1.7794343,-12.349178,1
68,-9.018236,-13.560158,1
69,17.09464,-21.085503,1
70,18.75372,5.3708863,1
71,14.778436,-17.529095,1
72,-7.587272,5.920284,1
73,-12.154179,-9.917384,1
74,-8.472424,-9.569624,1
75,22.089214,9.512674,1
76,-4.4069695,6.8825808,1
77,-10.750813,-4.4130054,1
78,11.548144,25.281197,1
79,2.2399328,22.597408,1
80,-8.354942,-3.219035,1
81,12.709389,-23.00121,1
82,16.138931,-13.371434,1
83,-5.218278,16.154354,1
84,-12.163771,-7.6628003,1
85,-13.202708,-8.625841,1
86,-11.171841,-8.540669,1
87,-1.7943242,-11.702348,1
88,10.579034,-20.024391,1
89,6.245095,18.302351,1
90,8.504274,24.093573,1
91,-0.83566725,-8.023967,1
92,5.6500497,11.153253,1
93,1.9649502,-13.760754,1
94,-4.2353005,-12.982357,1
95,-11.779322,-6.078988,1
96,-9.252391,-13.642717,1
97,10.731512,-21.071716,1
98,-5.2863684,-2.8300998,1
99,-6.786719,-14.836858,1
100,-16.162237,9.37929,1
101,-5.221479,18.416481,1
102,-10.712395,6.9518404,1
103,-0.9518611,15.52538,1
104,-5.4542937,-9.59901,1
105,14.267901,-12.284689,1
106,17.249424,6.2933836,1
107,-4.395082,-13.367024,1
108,3.006566,21.816156,1
109,-14.623786,6.724116,1
110,-15.000207,7.856271,1
111,-2.888319,-3.9514058,1
112,-5.722413,-4.8025393,1
113,14.367705,-23.307777,1
114,3.517608,-12.429646,1
115,-6.8911147,-12.267908,1
116,-15.4445915,10.318996,1
117,18.465176,-12.288266,1
118,-13.861194,3.536983,1
119,-3.339094,-17.608677,1
120,20.273497,11.04547,1
121,-11.775511,-8.985879,1
122,-15.812315,5.896931,1
123,-8.0967655,10.305666,1
124,-10.08058,9.560142,1
125,7.451106,10.725655,1
126,0.12301271,-5.570236,1
127,-53.65193,-1.5275682,2
128,12.182426,-26.042843,1
129,3.7424746,-8.497801,1
130,1.4389919,-9.802144,1
131,21.346712,10.08898,1
132,10.2925005,10.953523,1
133,4.5065336,-1.3190628,1
134,-2.1805918,22.799675,1
135,-6.020481,-22.048351,1
136,-11.638515,-12.949435,1
137,-2.8332076,-5.632941,1
138,12.114608,-25.475008,1
139,13.016518,-25.843882,1
140,2.412417,16.03081,1
141,-11.070446,-12.181779,1
142,-47.751537,-1.8140703,2
143,-1.792128,2.715837,1
144,-11.672303,-7.166071,1
145,-2.6553018,-5.662739,1
146,-2.6622765,-14.500965,1
147,12.862269,11.875613,1
148,3.2397277,3.2194953,1
149,11.2143955,-19.585371,1
150,-7.6924777,12.409923,1
151,9.864806,25.512678,1
152,-9.409927,-5.524609,1
153,-6.46439,-21.41999,1
154,-48.051357,-2.0150566,2
155,10.392958,24.687075,1
156,-0.34068972,-11.663042,1
157,-4.0732923,23.045639,1
158,2.3859324,-21.505621,1
159,-1.7384614,22.114641,1
160,6.7406473,18.169724,1
161,-45.052162,-1.509297,2
162,16.375801,4.593537,1
163,8.01176,10.305875,1
164,16.076826,-12.734479,1
165,19.67649,-15.497426,1
166,-2.3773398,-17.426888,1
167,18.370726,-6.6761208,1
168,-6.62467,-14.267462,1
169,-6.701427,-4.98807,1
170,-0.6599301,9.702236,1
171,0.318135,15.467695,1
172,-10.5161705,-13.740834,1
173,8.117609,-24.5924,1
174,9.487323,-18.998507,1
175,11.556904,7.6410747,1
176,16.650484,-17.858942,1
177,-10.37194,-12.025412,1
178,21.354868,22.126356,3
179,-6.0267534,-22.34625,1
180,21.303064,24.694088,3
181,17.868519,4.0502563,1
182,21.492878,1.2608908,1
183,-12.3371,17.904922,1
184,20.99391,8.213009,1
185,-10.569975,17.78249,1
186,23.262535,22.85278,3
187,-3.3177361,20.161566,1
188,23.322428,23.863691,3
189,-5.755308,18.189726,1
190,-5.5141215,-17.36615,1
191,3.0881734,-0.22204553,1
192,-10.091346,19.614359,1
193,22.59644,23.456846,3
194,18.393167,24.992058,3
195,-10.101418,18.537468,1
196,-6.7588806,-13.281573,1
197,19.552967,-15.22443,1
198,-12.593369,19.391335,1
199,-6.38156,-14.897509,1
200,-10.239155,19.172869,1
201,-4.8674183,20.154411,1
202,19.578054,-4.8655224,1
203,13.05235,-13.287085,1
204,-5.1086555,19.742949,1
205,9.316275,23.355345,1
206,-10.215618,-14.533006,1
207,22.10712,21.88704,3
208,0.29422498,8.373445,1
209,-10.445652,20.804495,1
210,7.577383,-24.644495,1
211,-13.141463,18.208376,1
212,15.955882,8.578187,1
213,22.331224,22.541172,3
214,0.02096223,23.397781,1
215,-5.548211,22.866787,1
216,-12.370734,19.953466,1
217,16.763224,5.046021,1
218,15.863684,-17.784693,1
219,24.33737,22.754137,3
220,12.222226,-18.303486,1
221,10.541415,-9.018138,1
222,-2.1566935,-12.713096,1
223,16.593737,6.0645227,1
224,20.307394,25.51112,3
225,1.7580667,24.28068,1
226,12.619908,-27.743202,1
227,-10.942495,-6.820574,1
228,-12.443899,19.32752,1
229,21.649353,22.408064,3
230,-13.682629,13.098076,1
231,12.985399,-13.370791,1
232,19.075811,-6.462479,1
233,-6.8769183,17.066742,1
234,-11.120226,-8.03099,1
235,22.365938,21.99474,3
236,18.30105,25.527885,3
237,3.9998465,24.442686,1
238,-11.080062,17.893282,1
239,14.162303,-15.0114355,1
240,-9.011378,-6.9481106,1
241,-10.669574,17.51865,1
242,0.11299997,4.576315,1
243,9.717143,-23.608591,1
244,19.979124,-6.050997,1
245,23.928656,23.927612,3
246,7.4430385,-24.697866,1
247,12.215984,-19.223644,1
248,-4.7123156,21.238474,1
249,20.849422,-4.395774,1
250,2.8215232,-21.790228,1
251,-6.7709985,-13.3387575,1
252,11.277749,12.173045,1
253,-0.8513923,-5.0883265,1
254,-0.04892094,13.683459,1
255,18.419052,-10.9145355,1
256,-50.77305,-1.3484462,2
257,3.9335387,-6.9701877,1
258,19.535248,-12.381157,1
259,1.1942458,22.877949,1
260,7.2595735,-3.5203557,1
261,10.08785,10.281166,1
262,-45.893345,-8.251522,2
263,-13.798989,4.272733,1
264,-9.137304,7.2111173,1
265,-2.820143,24.059502,1
266,22.609337,6.5907626,1
267,-51.320473,-6.6274242,2
268,-9.806697,9.674993,1
269,10.297434,6.657279,1
270,10.662172,15.289077,1
271,2.8755913,-7.0859094,1
272,16.788725,-21.270985,1
273,20.2176,-5.2220745,1
274,11.845492,-23.226952,1
275,4.327918,21.988297,1
276,11.555337,24.873074,1
277,21.14109,-12.848418,1
278,-5.265552,14.674748,1
279,-42.7323,-7.007932,2
280,-4.5900674,15.133032,1
281,0.82309484,-11.976934,1
282,3.9267483,22.174051,1
283,20.671106,-12.872761,1
284,16.974274,-6.071404,1
285,-54.038124,-3.2296004,2
286,1.6823801,-21.616142,1
287,-5.8103805,-18.178411,1
288,-50.886997,-5.1746726,2
289,18.68272,-16.379583,1
290,0.8206825,13.3877325,1
291,9.721043,5.7873755,1
292,17.9617,-19.499035,1
293,5.0963244,13.560617,1
294,17.33159,-13.108819,1
295,3.059929,-1.5270996,1
296,5.088346,-16.759607,1
297,-2.95648,20.234081,1
298,-49.589817,-5.2515345,2
299,10.116549,5.2000394,1
300,6.805152,14.3792305,1
301,-43.46889,-5.4681377,2
302,-1.197746,15.493931,1
303,7.1636014,-14.933495,1
304,0.66843444,20.885878,1
305,21.493816,8.771594,1
306,8.988487,16.040752,1
307,17.131145,-17.435404,1
308,8.738269,26.345222,1
309,1.2932982,3.925761,1
310,4.921933,16.810741,1
311,20.344852,0.7979684,1
312,-5.3991313,21.11831,1
313,1.942217,23.53026,1
314,8.277887,-12.814131,1
315,-3.5638282,11.513464,1
316,0.18713187,13.017615,1
317,12.897809,15.288497,1
318,6.4602094,-0.17813362,1
319,3.9829729,3.7253065,1
320,7.5519724,-2.534354,1
321,14.798805,-25.209026,1
322,22.675325,8.63027,1
323,19.433477,-13.033122,1
324,2.3187487,20.100166,1
325,4.7950077,11.09476,1
326,-4.38575,-15.808755,1
327,0.41471386,22.670454,1
328,3.357203,-12.162821,1
329,1.1175917,23.051147,1
330,20.720734,5.851717,1
331,-5.580556,-14.825522,1
332,3.2408056,15.510492,1
333,-0.8921774,22.64905,1
334,9.412954,22.714624,1
335,2.373015,2.167191,1
336,-3.4724426,-17.399088,1
337,-10.356413,9.365006,1
338,22.272095,8.249968,1
339,-0.8899859,22.812391,1
340,9.6235075,26.765932,1
341,3.7623844,4.6318417,1
342,-7.498271,-15.227206,1
343,6.6637683,20.25905,1
344,4.582654,18.364317,1
345,1.360183,-13.704692,1
346,-42.743053,-7.321337,2
347,4.322435,4.312088,1
348,0.7677076,-14.827643,1
349,-3.9925904,-16.746662,1
350,1.0614116,-8.098269,1
351,2.8298035,18.200844,1
352,1.8973435,-27.656635,1
353,2.9289966,-18.620932,1
354,-13.288517,8.947922,1
355,16.98009,-22.864,1
356,-52.37395,-2.682056,2
357,-5.4867764,-16.165781,1
358,15.273227,-25.53478,1
359,14.808597,-20.052614,1
360,-0.78144,-3.353169,1
361,10.708984,26.976488,1
362,19.68117,7.6671896,1
363,2.2899,18.853193,1
364,-6.1513414,14.608917,1
365,9.374305,14.222476,1
366,-8.505686,12.237212,1
367,-0.6354411,4.8334894,1
368,1.8123419,5.507142,1
369,-8.906548,10.066828,1
370,19.97716,6.3448553,1
371,9.209182,-5.455291,1
372,13.230537,-12.036968,1
373,22.332922,1.7634158,1
374,22.441002,2.5791154,1
375,-14.346858,2.6503916,1
376,-1.1720299,8.467257,1
377,-2.9716468,24.292171,1
378,19.327742,-16.457659,1
379,-1.4793909,25.483307,1
380,-51.4961,-6.3160033,2
381,9.600734,-8.601687,1
382,-45.584976,-6.0808434,2
383,-43.93428,-4.5436735,2
384,1.5626217,-29.94178,1
385,0.480273,-9.102356,1
386,9.9634075,-1.2249985,1
387,12.675273,15.789186,1
388,11.801273,-17.387873,1
389,11.78442,12.830229,1
390,20.171217,5.3371735,1
391,3.8739862,23.076015,1
392,1.4640833,-29.775578,1
393,21.521236,7.636915,1
394,12.376505,13.847067,1
395,17.489708,-20.385286,1
396,12.796537,16.57692,1
397,6.4734297,-18.212528,1
398,21.176065,5.2533784,1
399,-8.885693,9.459989,1
400,7.8638906,-14.975502,1
401,6.226259,16.807291,1
402,-2.6377332,-6.9405355,1
403,-9.115478,-6.6947947,1
404,-2.548708,12.73102,1
405,-1.3401512,-4.5852256,1
406,-49.031364,-3.835191,2
407,-48.822777,-7.3203106,2
408,19.602219,-5.8526325,1
409,9.3052435,-21.959251,1
410,-1.3002292,5.028419,1
411,1.7129813,-16.608011,1
412,-3.639504,-6.9047785,1
413,10.520098,24.862562,1
414,0.22032829,9.512852,1
415,2.0453126,20.731339,1
416,3.9231234,-19.422686,1
417,12.32551,-26.251705,1
418,22.145203,5.6372957,1
419,-2.045868,-14.72432,1
420,-12.644929,18.799479,1
421,11.386445,13.453434,1
422,-1.4540749,-13.293055,1
423,-5.5882354,18.585835,1
424,14.308408,-26.336044,1
425,-6.2075906,-14.735903,1
426,1.4480028,-11.419431,1
427,15.961381,-23.224018,1
428,-11.602236,19.921396,1
429,4.9807806,19.915142,1
430,19.830034,9.414358,1
431,1.1297053,-12.534405,1
432,18.922926,-6.579663,1
433,-9.334247,19.895758,1
434,13.207176,11.920081,1
435,18.89291,9.411558,1
436,19.436165,-16.093462,1
437,12.686625,5.0370812,1
438,1.2930802,-3.6848128,1
439,18.18398,-13.970006,1
440,2.5407634,4.838497,1
441,14.671159,-15.679314,1
442,0.23100296,-19.512873,1
443,18.264244,-15.394299,1
444,2.464283,22.694538,1
445,1.2116282,-19.973452,1
446,2.473202,16.678219,1
447,21.44136,7.143361,1
448,20.398487,-4.3414593,1
449,1.9678333,-22.475853,1
450,9.356974,-3.7982612,1
451,1.2387251,24.212767,1
452,16.704197,-19.61967,1
453,18.508076,3.5997655,1
454,-17.663229,3.6068559,1
455,2.2762163,15.114106,1
456,9.749231,-23.22683,1
457,-1.1485484,20.988136,1
458,-13.761944,0.11890861,1
459,3.3757024,-7.58583,1
460,16.082209,-11.915826,1
461,0.27652434,24.624926,1
462,18.801641,2.7210102,1
463,4.879004,-20.735413,1
464,21.361519,5.9003572,1
465,-7.223229,17.725029,1
466,6.7128415,20.953228,1
467,11.070528,-26.455067,1
468,5.142682,-0.083998546,1
469,1.2142131,-0.49696633,1
470,22.270142,23.909918,3
471,0.76734036,25.304317,1
472,22.951986,7.129131,1
473,20.921988,7.055393,1
474,2.84637,26.033293,1
475,10.801803,24.550219,1
476,4.072296,14.734673,1
477,1.45459,-20.554379,1
478,0.6796348,-4.4629025,1
479,20.66816,-5.4418864,1
480,1.71709,16.083221,1
481,0.82530916,-18.26145,1
482,10.229131,16.763283,1
483,-0.6106836,13.419349,1
484,20.742882,4.422217,1
485,-5.7484093,5.0562005,1
486,4.571229,20.117012,1
487,2.049957,-12.036491,1
488,13.919305,-27.17595,1
489,-4.21579,21.954992,1
490,1.1044592,19.83903,1
491,23.797638,23.6808,3
492,5.024647,1.8105215,1
493,8.036237,-9.842868,1
494,-4.1374497,19.965137,1
495,2.0077527,-22.875797,1
496,22.559479,25.969343,3
497,11.297488,-19.235598,1
498,-4.274124,-18.5621,1
499,11.739484,7.2463427,1
500,-12.839851,3.085439,1
501,15.200693,-24.132896,1
502,5.5795035,-14.965403,1
503,13.40166,-25.825092,1
504,-15.782408,6.257531,1
505,-7.9709086,-18.05513,1
506,4.1037307,-2.0651295,1
507,-17.48433,2.1258953,1
508,20.340824,4.5374813,1
509,-46.25243,-7.286166,2
510,-48.638397,-5.0036654,2
511,0.7565449,4.401192,1
512,-48.218555,-5.731161,2
513,3.4508731,2.8891337,1
514,-54.57677,-3.2004426,2
515,-0.105049774,-10.967814,1
516,-11.773304,-11.548485,1
517,1.0625858,-22.395607,1
518,3.7207048,-18.53551,1
519,17.090672,-11.552055,1
520,2.6546726,17.332756,1
521,2.9993691,-1.5463619,1
522,-12.250865,7.430231,1
523,-51.501907,-3.140437,2
524,-12.389884,6.713448,1
525,-0.56822526,21.180311,1
526,1.0826639,-29.637323,1
527,5.3823953,-6.8538666,1
528,2.5941632,26.713858,1
529,-7.69981,-14.967981,1
530,10.717673,4.404324,1
531,0.69300884,9.788734,1
532,5.6523194,14.665061,1
533,-7.063311,-17.305077,1
534,-17.605276,3.4635482,1
535,1.2875031,-10.640926,1
536,9.355116,22.870571,1
537,18.505228,-6.336019,1
538,-8.663057,-18.414642,1
539,-46.423958,-8.303147,2
540,12.888716,-25.081144,1
541,-48.355957,0.28529984,2
542,-0.24960946,3.6346943,1
543,4.2838693,-7.9650583,1
544,3.664118,-3.5398474,1
545,-0.39615524,-20.754744,1
546,-16.020006,7.3149986,1
547,9.965378,26.602747,1
548,5.1889415,14.972409,1
549,10.521299,26.078192,1
550,-0.28362226,-14.826387,1
551,5.5466666,-13.662579,1
552,-3.267686,23.912052,1
553,3.5891738,6.3399057,1
554,-6.569733,-11.645976,1
555,1.6081184,-15.251852,1
556,8.547127,-10.233556,1
557,-1.171422,-14.828314,1
558,-53.596935,-2.625705,2
559,11.34299,-25.797844,1
560,6.28926,15.882522,1
561,8.442021,9.268349,1
562,3.5505505,16.371983,1
563,17.227777,-13.729429,1
564,17.9054,-6.6505527,1
565,17.67822,-11.483212,1
566,7.18992,-5.6040397,1
567,-52.849335,-1.4230195,2
568,-47.06781,-6.0670943,2
569,-7.0609355,-18.492653,1
570,-6.560293,-11.447529,1
571,4.0644813,-3.1557016,1
572,-48.09884,-4.9865603,2
573,20.480192,-11.436794,1
574,-51.013557,-4.5602345,2
575,-48.652065,-5.7143407,2
576,16.93997,4.46677,1
577,-53.08642,-1.9835725,2
578,14.571427,-14.3148575,1
579,20.617731,7.100037,1
580,-48.032673,-2.5066848,2
581,4.3919106,-7.5611997,1
582,1.272759,-21.198116,1
583,0.5910184,-13.229027,1
584,2.4825306,21.00915,1
585,-4.102996,23.508791,1
586,2.1017213,26.972311,1
587,-7.488936,-17.728523,1
588,-6.5917597,-16.778862,1
589,-49.361393,-6.5065536,2
590,4.7509427,10.907306,1
591,3.551935,22.826338,1
592,2.3243408,19.323582,1
593,14.066494,-16.91409,1
594,8.399797,19.444407,1
595,-54.883724,-2.6227167,2
596,17.918137,3.1220284,1
597,4.3860736,-20.337696,1
598,-14.612276,9.703016,1
599,-49.455784,-5.9168916,2
600,18.168032,-14.770814,1
601,13.842398,5.449753,1
602,-53.294106,-1.0348563,2
603,-54.927746,-2.1542237,2
604,-44.915695,-4.08363,2
605,-50.821053,-6.9652705,2
606,12.271362,15.292034,1
607,7.1480627,-5.35357,1
608,11.970015,14.770847,1
609,-5.358369,10.657814,1
610,4.4852104,-17.7032,1
611,2.1916666,-27.901464,1
612,10.78811,25.541964,1
613,-0.6448671,-1.7501339,1
614,-13.859201,2.7346992,1
615,-50.761578,-5.955094,2
616,-11.219127,-13.174848,1
617,1.4646757,-29.969048,1
618,4.469306,17.199663,1
619,10.013013,27.024199,1
620,9.497321,-14.107397,1
621,-54.51247,-4.35667,2
622,11.507006,-20.612883,1
623,7.898314,-13.3295,1
624,20.135365,-14.332261,1
625,-10.841985,-11.730388,1
626,19.594667,-11.904482,1
627,-2.4185314,22.394112,1
628,1.3509051,-29.523949,1
629,4.183222,-11.680294,1
630,-3.686974,-6.966164,1
631,8.633895,15.880141,1
632,-17.195393,2.4330416,1
633,-6.0721917,4.9424353,1
634,0.44542187,-29.800886,1
635,10.016247,11.326245,1
636,-15.477491,5.968451,1
637,19.029999,-0.21512888,1
638,-12.661523,6.8737392,1
639,-47.27778,-5.392017,2
640,5.4875393,-1.3261259,1
641,-47.076744,-8.59515,2
642,-18.609543,6.9149237,1
643,-47.8124,-5.90058,2
644,-10.331613,5.7499013,1
645,-14.549686,4.1925106,1
646,21.389565,9.299516,1
647,-52.288754,-2.1524723,2
648,-1.0848666,-16.715628,1
649,1.0630102,14.905197,1
650,18.844486,4.3214726,1
651,-18.798029,2.7897668,1
652,7.6945915,-15.674029,1
653,-42.688263,-3.9786813,2
654,14.204711,-21.221197,1
655,-42.461742,-1.7859039,2
656,-18.797337,5.647332,1
657,-49.094112,-4.6853685,2
658,4.308744,-11.46043,1
659,22.104656,8.956422,1
660,8.885689,13.532335,1
661,-0.62042516,18.267786,1
662,-14.540603,11.246648,1
663,-53.97476,-2.0530965,2
664,-16.577791,9.936373,1
665,-6.130279,7.235589,1
666,-13.30902,3.942681,1
667,-16.143412,8.752866,1
668,-46.093113,-3.8424916,2
669,-16.365017,10.369111,1
670,-52.167995,0.1440713,2
671,-13.871929,1.1226218,1
672,11.587104,6.040822,1
673,7.0949492,19.994375,1
674,-3.5533159,-0.5586873,1
675,1.2058249,-14.621228,1
676,-1.641826,23.646936,1
677,6.4059796,16.544218,1
678,16.515654,-12.786635,1
679,21.954248,6.317251,1
680,-15.169142,4.444387,1
681,-6.55758,-16.108744,1
682,10.690928,6.4534683,1
683,-18.863564,3.4163306,1
684,3.3629947,-15.48392,1
685,18.508295,6.093416,1
686,19.355568,8.768136,1
687,22.727003,2.3381093,1
688,0.71587324,-4.297002,1
689,6.7339067,-0.45321193,1
690,10.716086,11.767318,1
691,-10.520866,-10.667765,1
692,1.771474,-14.399641,1
693,-6.8837366,4.012732,1
694,2.7048063,-5.9717107,1
695,3.452878,-1.0882488,1
696,2.0625536,-16.120743,1
697,18.586657,-5.705993,1
698,25.04154,21.75224,3
699,21.547318,24.847048,3
700,21.931213,1.3434031,1
701,-0.028768323,-4.2218266,1
702,20.780365,24.185362,3
703,5.104804,-7.4050426,1
704,17.166737,5.51384,1
705,9.507401,-20.076855,1
706,2.1907623,-20.318148,1
707,-10.60761,17.04791,1
708,-2.6022832,-12.999084,1
709,-17.47026,5.5777955,1
710,7.342786,17.686964,1
711,22.066597,21.92132,3
712,-9.220864,18.136986,1
713,3.7465017,26.415474,1
714,15.63178,-17.404957,1
715,13.50109,15.556743,1
716,-0.11381753,21.78412,1
717,18.681791,25.068777,3
718,24.510399,22.150053,3
719,17.183046,-12.0798435,1
720,19.551136,-7.704212,1
721,3.4751093,25.11784,1
722,17.64815,-0.78086275,1
723,17.993261,24.92745,3
724,4.296499,15.802868,1
725,1.1528652,-18.759039,1
726,12.718952,7.5950966,1
727,16.536562,-12.271785,1
728,-19.177332,3.6185725,1
729,4.215347,-3.3805892,1
730,19.181099,3.6956863,1
731,-8.493947,-6.744317,1
732,-3.8618975,7.102195,1
733,-19.378063,6.2148104,1
734,5.5788136,-2.5617676,1
735,-15.547908,11.297512,1
736,-0.14739367,13.873483,1
737,13.174491,-23.35933,1
738,13.677674,-19.650734,1
739,22.361816,10.156831,1
740,12.356648,6.078293,1
741,1.2354068,23.658543,1
742,9.545211,17.043877,1
743,-1.1232414,13.826555,1
744,-0.59236014,-2.0426579,1
745,-15.867988,6.942634,1
746,4.73033,-0.21381997,1
747,-0.5212927,3.5935292,1
748,24.244724,23.391972,3
749,17.196447,25.135756,3
750,22.557251,25.374153,3
751,12.5771885,-24.996971,1
752,24.41603,22.269958,3
753,6.131995,-19.077482,1
754,2.6419516,26.756979,1
755,9.051246,-4.6784616,1
756,-44.76116,-3.7834787,2
757,-49.600147,-4.321637,2
758,2.5583594,5.3074903,1
759,14.073021,-23.934486,1
760,-53.066605,-0.25035205,2
761,-52.639595,-3.581042,2
762,-50.12966,-3.7002535,2
763,9.191643,14.697092,1
764,-16.330065,8.8309965,1
765,18.761534,-14.578516,1
766,-4.477866,-16.730068,1
767,-19.196573,6.401939,1
768,-52.80114,-0.94590974,2
769,1.7837046,13.636104,1
770,9.237081,-11.160458,1
771,-41.698223,-1.687285,2
772,12.049051,-12.984934,1
773,1.8208166,-27.481459,1
774,-43.552925,-4.9584937,2
775,14.012478,15.420299,1
776,8.674783,26.107597,1
777,9.340702,27.048113,1
778,-7.3133907,-18.164679,1
779,5.384124,13.267078,1
780,-42.91088,-2.6903224,2
781,-14.00552,5.6334844,1
782,-2.2525556,-5.219772,1
783,2.9376686,-22.779507,1
784,5.007402,-17.605341,1
785,-50.096336,-6.814863,2
786,3.858031,24.444757,1
787,-14.335728,2.079407,1
788,4.2507,-18.531065,1
789,-53.002235,-3.6317909,2
790,4.800533,-11.426946,1
791,-52.419968,-3.1653726,2
792,12.337739,-8.489622,1
793,-47.910908,-3.4168272,2
794,-48.173756,0.67941755,2
795,-4.452485,-17.615364,1
796,10.673091,7.519699,1
797,-6.027138,-10.527536,1
798,-8.379828,-9.66844,1
799,-46.23727,-6.0306334,2
800,-4.800011,14.011449,1
801,10.489859,5.4639206,1
802,-48.14098,-7.043544,2
803,-3.3301127,22.609596,1
804,1.721892,-17.510658,1
805,9.19741,-4.9592133,1
806,-47.49643,-7.2710176,2
807,-3.4804866,14.142498,1
808,-44.015625,-3.2384353,2
809,5.863266,0.38623077,1
810,-6.7017922,11.65986,1
811,-15.442042,9.439321,1
812,0.22214822,-17.085001,1
813,-10.258954,-4.124684,1
814,2.588036,-17.556313,1
815,-9.472524,-8.0071335,1
816,-40.00609,0.8382562,2
817,-43.289574,-4.211159,2
818,-45.70402,-8.050805,2
819,7.040137,16.994205,1
820,-16.50753,4.0118046,1
821,-6.9948015,10.976078,1
822,-14.764002,0.547684,1
823,-2.2257555,12.117239,1
824,-45.368607,-4.8707557,2
825,-48.940132,-3.7515135,2
826,4.4485707,-2.0036268,1
827,-49.946873,-1.995061,2
828,-48.91302,-0.2886441,2
829,-13.226575,10.842826,1
830,4.2308187,19.56105,1
831,-47.76829,-3.6788373,2
832,-41.612934,-2.346754,2
833,4.4212227,22.746939,1
834,-49.91462,-7.9362044,2
835,20.917091,9.785799,1
836,-13.54457,2.4380822,1
837,-19.767239,4.015263,1
838,12.108208,24.427645,1
839,-43.486538,-7.630376,2
840,2.3174431,-15.457327,1
841,-7.7897353,-18.737944,1
842,-47.701107,-4.96465,2
843,20.417822,1.1365589,1
844,-1.0678498,-20.007393,1
845,-6.639986,14.796723,1
846,-7.5531387,16.830967,1
847,-50.254456,-6.078439,2
848,8.932849,-22.071161,1
849,-2.9236176,-4.1065836,1
850,17.667917,8.834463,1
851,11.135455,-23.59155,1
852,-0.6205997,2.2739494,1
853,-52.12307,-0.43508857,2
854,-13.870433,5.7007666,1
855,-52.941288,0.26031402,2
856,-48.6168,1.1487232,2
857,14.819969,-23.226046,1
858,-48.05534,-4.1077547,2
859,-44.081352,-2.5621088,2
860,-49.804596,0.07484295,2
861,5.3227687,-22.21712,1
862,-50.245068,-6.5923457,2
863,20.577585,-13.73965,1
864,-47.76925,-6.4001656,2
865,-16.288433,4.870134,1
866,14.713382,-21.946434,1
867,-48.60362,0.42509797,2
868,11.7312765,8.541158,1
869,5.7783356,-19.705639,1
870,14.735215,-24.1056,1
871,-9.98442,13.2218685,1
872,-45.098392,-5.697629,2
873,6.4692054,13.811965,1
874,18.87279,-4.9867654,1
875,11.97389,-8.017311,1
876,-40.852962,0.016951708,2
877,1.1425575,-17.027073,1
878,-2.4788632,-16.172367,1
879,9.631771,7.0136228,1
880,-5.4208155,7.9363494,1
881,13.622659,-14.815464,1
882,-16.529741,7.1461687,1
883,-39.94272,0.28326795,2
884,-46.964443,-4.1608815,2
885,-39.86519,0.12727363,2
886,-49.346443,-7.9735208,2
887,-50.186977,-5.0021462,2
888,16.453325,6.6871276,1
889,-2.328176,20.790016,1
890,18.712755,-12.738627,1
891,5.084495,-3.3482206,1
892,-40.992306,0.9173036,2
893,5.624965,-5.8138547,1
894,7.4184203,-12.634824,1
895,-0.36996785,-0.7369072,1
896,-51.43719,-2.47224,2
897,-43.00418,-3.9760303,2
898,2.2526042,-7.5466805,1
899,11.10326,5.4594083,1
900,-49.593044,-4.809306,2
901,-50.930267,-0.25573707,2
902,-40.231705,0.5067054,2
903,-15.922107,3.61955,1
904,-10.437269,8.667419,1
905,-0.33455133,-9.76006,1
906,13.69449,-22.893116,1
907,-51.7067,-1.1680523,2
908,6.5248923,-1.6415074,1
909,-41.09739,-0.49513477,2
910,18.004845,7.531516,1
911,-40.334225,0.14925043,2
912,13.978787,-21.530392,1
913,-4.1647115,14.131507,1
914,6.1306133,14.962707,1
915,15.277575,-23.33369,1
916,0.045048296,-7.56541,1
917,1.306566,-21.940878,1
918,7.9034014,16.599127,1
919,-41.48011,-0.4795149,2
920,-45.969227,-0.9814342,2
921,19.997576,8.438711,1
922,6.06305,21.87943,1
923,-44.866867,-1.8137621,2
924,-39.82129,0.1888345,2
925,-14.731695,12.106703,1
926,19.797829,24.991106,3
927,20.582272,24.19177,3
928,3.2608762,-19.533045,1
929,12.562816,-27.067318,1
930,22.653246,26.024979,3
931,20.193336,-12.76449,1
932,1.3630074,-16.077717,1
933,-10.772004,5.804912,1
934,-8.805062,-13.243812,1
935,-8.759251,-17.84895,1
936,-14.813293,9.485722,1
937,-11.945488,6.8217936,1
938,19.80733,-0.2578463,1
939,19.54322,11.547032,1
940,12.396457,-28.333633,1
941,16.682732,3.7441955,1
942,19.382978,-14.111731,1
943,11.625932,6.8230057,1
944,14.930374,4.8192563,1
945,16.548027,-15.310206,1
946,10.050786,28.244577,1
947,-15.713716,1.5943981,1
948,18.02162,-12.256053,1
949,11.866523,14.5568495,1
950,-14.069421,12.287704,1
951,14.088903,-24.953827,1
952,-6.325228,8.910509,1
953,17.739412,-7.661353,1
954,7.4459877,-12.106321,1
955,7.3840003,15.313707,1
956,-7.1357493,12.608681,1
957,6.3328357,-20.275492,1
958,-3.4506886,12.561478,1
959,7.1769943,-4.904527,1
960,4.902624,-4.242912,1
961,23.170137,22.00761,3
962,17.676935,3.1968834,1
963,-11.9421835,20.525856,1
964,4.7065983,-15.41758,1
965,-13.318787,18.931929,1
966,-11.067953,20.349487,1
967,12.753524,-20.358606,1
968,13.637737,-17.586315,1
969,-13.599325,-0.90787613,1
970,-14.374256,0.69794875,1
971,-7.13639,7.657191,1
972,7.9614367,-2.0027616,1
973,-8.498988,5.2400045,1
974,10.890079,8.985729,1
975,-11.824291,7.876914,1
976,0.8478654,20.674295,1
977,4.297899,-16.782854,1
978,5.942761,-17.855648,1
979,7.4981647,17.357477,1
980,7.123776,-14.012088,1
981,5.3883233,0.35907695,1
982,-6.971901,9.779372,1
983,-4.6803246,21.82018,1
984,22.456545,1.520387,1
985,-9.833211,11.004542,1
986,-16.868916,7.6508284,1
987,-3.2390401,19.02005,1
988,-4.4077134,12.225096,1
989,8.856376,-9.497461,1
990,20.399445,-13.462492,1
991,15.113976,-22.798378,1
992,-17.391716,2.893674,1
993,15.671605,-13.296058,1
994,12.858061,-24.05511,1
995,2.478745,-19.816893,1
996,-1.311059,-14.247005,1
997,-0.33123207,17.27381,1
998,5.3351054,-22.01201,1
999,-0.312254,8.763158,1
1000,13.195821,-18.527033,1
1001,-1.3082664,24.63271,1
1002,3.514946,2.8875983,1
1003,3.9582562,-22.69806,1
1004,-2.9983041,14.153743,1
1005,5.2408996,-18.52865,1
1006,8.361377,-21.189358,1
1007,15.638083,-24.943483,1
1008,-9.621872,12.946577,1
1009,16.610592,-15.209851,1
1010,-10.015595,10.348293,1
