,participantId,jobId
0,0,254
0,1,929
0,2,348
0,3,316
0,4,177
41,4,329
42,4,332
0,5,33
0,6,89
0,7,270
0,8,20
0,9,21
0,10,29
0,11,625
0,12,1205
0,13,330
0,14,139
0,15,730
0,16,297
0,17,603
0,18,278
0,19,206
0,20,342
0,21,301
0,22,102
0,23,1037
0,24,57
0,25,159
0,26,194
0,27,585
0,28,1244
0,29,80
0,30,154
51,30,144
54,30,632
55,30,665
56,30,1119
57,30,619
0,31,932
0,32,832
0,33,803
0,34,319
0,35,294
0,36,212
0,37,367
0,38,1022
0,39,171
0,40,228
2250,40,707
2262,40,847
2305,40,797
2306,40,534
0,41,54
0,42,723
0,43,1019
0,44,289
378,44,165
379,44,218
505,44,118
784,44,268
842,44,850
1069,44,77
1071,44,70
1076,44,75
0,45,286
0,46,1228
0,47,222
0,48,66
0,49,1024
0,50,112
0,51,24
0,52,192
0,53,1211
0,54,71
0,55,38
0,56,128
0,57,76
0,58,549
0,59,581
0,60,305
0,61,214
0,62,202
0,63,115
0,64,273
0,65,359
0,66,267
0,67,82
0,68,161
0,69,347
0,70,132
0,71,138
0,72,385
0,73,50
0,74,258
0,75,125
0,76,252
0,77,269
0,78,466
0,79,454
0,80,358
0,81,323
0,82,207
0,83,1033
0,84,69
0,85,166
0,86,357
0,87,5
0,88,122
0,89,760
0,90,630
0,91,104
0,92,25
0,93,339
0,94,28
0,95,191
0,96,30
0,97,354
0,98,6
0,99,298
0,100,402
0,101,420
0,102,1256
0,103,1321
0,104,97
0,105,334
0,106,336
0,107,226
0,108,784
0,109,1141
0,110,1035
0,111,63
0,112,265
0,113,344
0,114,158
0,115,78
0,116,960
0,117,27
24,117,318
27,117,332
0,118,1174
0,119,248
0,120,16
0,121,4
0,122,1052
0,123,650
0,124,461
0,125,553
0,126,239
0,127,307
506,127,242
507,127,272
509,127,187
789,127,56
790,127,184
792,127,304
793,127,167
796,127,1127
799,127,975
817,127,909
861,127,291
1087,127,213
1092,127,1293
1143,127,237
1148,127,1178
0,128,141
0,129,356
0,130,282
0,131,328
0,132,285
0,133,224
0,134,616
0,135,292
0,136,320
0,137,22
0,138,140
0,139,81
0,140,839
0,141,287
498,141,349
499,141,968
500,141,920
501,141,283
512,141,331
520,141,318
525,141,209
526,141,219
527,141,396
0,142,179
501,142,183
511,142,1157
791,142,304
792,142,187
794,142,1220
824,142,160
831,142,213
833,142,56
835,142,390
1091,142,299
1092,142,167
1093,142,1293
1094,142,1127
1095,142,473
1125,142,291
1134,142,731
0,143,702
0,144,48
0,145,146
0,146,247
0,147,225
0,148,824
0,149,72
0,150,434
0,151,26
0,152,217
0,153,119
0,154,335
498,154,37
502,154,414
503,154,167
532,154,1084
793,154,237
797,154,187
799,154,1127
805,154,975
1088,154,51
1089,154,184
1090,154,183
1091,154,56
1092,154,304
1093,154,299
1095,154,343
1099,154,473
0,155,697
0,156,203
0,157,503
0,158,256
0,159,658
0,160,1303
0,161,308
503,161,683
798,161,56
799,161,184
801,161,304
802,161,167
804,161,1292
826,161,975
828,161,1220
1085,161,183
1088,161,770
0,162,133
0,163,576
0,164,18
0,165,322
0,166,7
0,167,83
0,168,345
0,169,100
0,170,611
0,171,1138
0,172,190
0,173,193
0,174,151
0,175,232
0,176,353
0,177,156
0,178,12
0,179,300
0,180,251
0,181,314
0,182,108
0,183,1217
0,184,201
0,185,1296
0,186,9
0,187,493
0,188,169
0,189,836
0,190,79
0,191,253
0,192,470
0,193,205
0,194,1007
0,195,1261
0,196,351
0,197,152
0,198,1017
0,199,220
0,200,1147
0,201,925
0,202,91
0,203,266
0,204,833
0,205,1299
0,206,47
0,207,277
0,208,52
0,209,741
0,210,262
0,211,1082
0,212,241
0,213,84
0,214,489
0,215,853
0,216,964
0,217,60
0,218,352
0,219,153
0,220,99
0,221,325
0,222,250
0,223,13
0,224,373
0,225,709
0,226,255
0,227,293
0,228,1254
0,229,98
0,230,1179
0,231,260
0,232,73
0,233,998
0,234,155
0,235,288
0,236,1155
0,237,626
0,238,1184
0,239,185
0,240,243
0,241,1139
0,242,361
0,243,145
0,244,90
0,245,62
0,246,312
0,247,88
0,248,556
0,249,142
0,250,129
0,251,340
0,252,363
0,253,612
0,254,940
0,255,660
0,256,523
500,256,472
501,256,414
502,256,652
509,256,304
513,256,731
516,256,229
525,256,337
796,256,377
799,256,559
801,256,529
802,256,459
806,256,509
810,256,1072
813,256,167
816,256,1178
819,256,562
826,256,343
829,256,163
1089,256,390
1091,256,442
1092,256,473
1098,256,975
1111,256,1220
0,257,595
0,258,491
0,259,1034
0,260,542
0,261,693
0,262,579
491,262,390
492,262,414
493,262,652
494,262,619
495,262,1045
496,262,731
501,262,442
538,262,632
545,262,559
770,262,411
771,262,167
772,262,1220
804,262,1325
813,262,688
816,262,665
818,262,683
819,262,509
820,262,1072
828,262,845
1079,262,562
1089,262,372
1093,262,770
1104,262,529
1113,262,472
1114,262,501
1116,262,1119
1117,262,1171
0,263,914
0,264,787
0,265,1282
0,266,654
0,267,465
503,267,632
515,267,652
525,267,411
533,267,337
534,267,688
538,267,559
540,267,665
793,267,501
794,267,472
795,267,683
796,267,1119
797,267,509
798,267,167
800,267,731
805,267,1293
814,267,529
815,267,391
824,267,304
825,267,975
829,267,926
840,267,1084
1082,267,631
1094,267,562
1096,267,818
0,268,748
0,269,560
0,270,881
0,271,543
0,272,409
0,273,587
0,274,644
0,275,1233
0,276,1163
0,277,575
0,278,443
0,279,571
385,279,377
387,279,419
392,279,591
393,279,509
394,279,632
514,279,477
516,279,523
521,279,637
777,279,683
778,279,411
779,279,414
784,279,167
785,279,731
787,279,372
797,279,975
799,279,546
803,279,652
804,279,390
805,279,473
848,279,337
1085,279,472
1093,279,442
1095,279,529
1103,279,299
1110,279,1178
1128,279,562
1130,279,1293
1131,279,343
1141,279,1127
1143,279,770
0,280,885
0,281,398
0,282,1049
0,283,483
0,284,394
0,285,561
490,285,473
491,285,411
492,285,304
494,285,731
515,285,337
570,285,433
792,285,652
793,285,683
794,285,509
795,285,187
796,285,167
798,285,442
800,285,1132
858,285,687
862,285,501
1080,285,299
1083,285,975
1117,285,845
1142,285,632
1143,285,636
1148,285,529
0,286,563
0,287,485
0,288,445
494,288,472
495,288,414
496,288,619
497,288,1194
805,288,509
806,288,390
807,288,343
826,288,437
829,288,529
832,288,299
833,288,1178
840,288,926
1095,288,665
1096,288,559
1099,288,187
1100,288,167
1115,288,687
1119,288,501
1120,288,683
1121,288,304
1122,288,1072
0,289,480
0,290,1307
0,291,508
0,292,497
0,293,1094
0,294,642
0,295,471
0,296,436
0,297,1014
0,298,362
494,298,501
495,298,559
497,298,619
498,298,117
499,298,184
509,298,410
515,298,1143
538,298,442
543,298,1293
800,298,499
804,298,632
806,298,665
810,298,472
812,298,411
813,298,509
814,298,1072
815,298,390
816,298,731
828,298,562
1063,298,414
1065,298,1292
1066,298,10
1071,298,699
1079,298,652
1081,298,372
1083,298,473
1091,298,975
1107,298,1300
1131,298,337
0,299,673
0,300,1230
0,301,551
780,301,383
785,301,1113
786,301,850
842,301,572
1094,301,707
0,302,740
0,303,435
0,304,1265
0,305,674
0,306,945
0,307,607
0,308,805
0,309,864
0,310,937
0,311,423
0,312,969
0,313,908
0,314,539
0,315,888
0,316,703
0,317,682
0,318,685
0,319,1066
0,320,494
0,321,428
0,322,570
0,323,624
0,324,935
0,325,617
0,326,496
0,327,719
0,328,405
0,329,1077
0,330,614
0,331,622
0,332,1041
0,333,1097
0,334,1309
0,335,1015
0,336,374
0,337,781
0,338,526
0,339,721
0,340,1128
0,341,1212
0,342,659
0,343,1277
0,344,737
0,345,375
0,346,675
368,346,495
369,346,431
489,346,592
490,346,400
779,346,525
781,346,589
782,346,468
796,346,427
1056,346,797
1098,346,1162
0,347,1281
0,348,521
0,349,628
0,350,694
0,351,1056
0,352,500
496,352,559
497,352,472
498,352,683
499,352,619
533,352,184
662,352,370
663,352,568
664,352,499
669,352,380
670,352,477
745,352,535
816,352,523
821,352,388
822,352,579
1080,352,442
1081,352,414
1082,352,509
1083,352,1072
1084,352,167
1085,352,562
1093,352,372
1118,352,501
1119,352,529
1120,352,411
1123,352,304
1125,352,390
1126,352,1220
0,353,379
0,354,776
0,355,643
0,356,472
484,356,414
485,356,562
570,356,337
796,356,665
797,356,411
798,356,683
799,356,509
800,356,442
801,356,473
806,356,975
826,356,184
830,356,652
832,356,559
834,356,1072
840,356,299
1080,356,501
1082,356,117
1103,356,909
1124,356,613
1126,356,632
1130,356,390
1138,356,770
0,357,520
0,358,679
0,359,645
0,360,455
0,361,1268
0,362,670
0,363,566
0,364,931
0,365,429
0,366,788
0,367,996
0,368,1185
0,369,724
0,370,565
0,371,368
0,372,557
489,372,515
490,372,488
491,372,484
492,372,558
499,372,663
503,372,464
504,372,396
505,372,283
0,373,609
0,374,594
0,375,820
0,376,972
0,377,944
0,378,478
0,379,1286
0,380,529
523,380,410
527,380,559
533,380,665
540,380,1119
570,380,562
791,380,683
792,380,411
793,380,975
795,380,699
810,380,439
814,380,472
817,380,509
818,380,390
820,380,187
826,380,442
827,380,818
828,380,229
832,380,1220
1092,380,591
1097,380,414
1098,380,652
1099,380,422
1104,380,501
0,381,538
0,382,452
485,382,472
486,382,619
487,382,509
488,382,390
489,382,187
490,382,163
571,382,406
802,382,1072
804,382,167
805,382,1178
829,382,442
833,382,928
1096,382,562
1125,382,770
1140,382,337
0,383,433
491,383,683
492,383,509
773,383,167
775,383,473
791,383,975
794,383,632
796,383,529
797,383,372
825,383,337
1081,383,442
1085,383,652
1087,383,1072
1091,383,390
1092,383,770
1094,383,568
1097,383,559
1099,383,501
1100,383,411
1102,383,187
0,384,637
502,384,411
532,384,167
681,384,377
682,384,499
765,384,502
1067,384,509
1068,384,442
1069,384,562
1070,384,1293
1071,384,473
1076,384,1300
1077,384,1220
1078,384,845
1117,384,665
1118,384,652
1122,384,683
1123,384,632
1125,384,501
1127,384,343
1131,384,954
0,385,578
0,386,381
0,387,413
616,387,0
0,388,668
0,389,469
0,390,453
0,391,1308
0,392,619
290,392,442
291,392,516
395,392,571
454,392,391
455,392,422
519,392,568
520,392,502
527,392,393
780,392,683
781,392,1045
782,392,1090
785,392,411
786,392,632
787,392,414
788,392,452
790,392,559
791,392,652
793,392,529
795,392,509
796,392,975
811,392,909
1095,392,928
1100,392,390
1101,392,731
1104,392,1292
1122,392,770
0,393,606
0,394,657
0,395,573
0,396,514
0,397,541
0,398,646
0,399,793
0,400,601
0,401,726
0,402,689
0,403,647
481,403,378
482,403,464
483,403,558
484,403,332
485,403,177
494,403,488
496,403,396
497,403,920
499,403,283
500,403,329
0,404,1010
0,405,669
0,406,688
501,406,291
502,406,559
516,406,745
521,406,472
524,406,410
528,406,632
530,406,473
775,406,411
776,406,167
781,406,343
782,406,909
807,406,652
810,406,501
811,406,509
813,406,731
816,406,1220
1086,406,1292
1094,406,390
1097,406,665
1100,406,442
1103,406,975
1119,406,1085
0,407,459
503,407,414
511,407,213
529,407,683
774,407,411
775,407,509
776,407,1292
780,407,1132
792,407,1220
833,407,390
835,407,370
838,407,529
839,407,665
841,407,501
843,407,652
848,407,1072
850,407,975
1077,407,632
1078,407,372
1079,407,337
1132,407,472
1133,407,636
1136,407,559
1141,407,167
1142,407,1178
1143,407,1127
0,408,635
0,409,633
0,410,958
0,411,620
0,412,593
0,413,1109
0,414,994
0,415,738
0,416,640
0,417,519
0,418,684
0,419,656
0,420,1243
0,421,366
0,422,531
0,423,1301
0,424,421
0,425,451
0,426,399
0,427,481
0,428,934
0,429,728
0,430,467
0,431,691
0,432,386
0,433,109
0,434,664
0,435,397
0,436,567
0,437,479
0,438,401
0,439,474
0,440,848
0,441,602
0,442,512
0,443,408
0,444,705
0,445,590
0,446,1255
0,447,623
0,448,639
0,449,392
0,450,518
0,451,1093
0,452,506
0,453,692
0,454,39
0,455,924
0,456,662
0,457,1071
0,458,747
0,459,462
0,460,655
0,461,1264
0,462,604
0,463,588
0,464,564
0,465,1058
0,466,883
0,467,417
0,468,438
0,469,671
0,470,382
0,471,1062
0,472,457
0,473,686
0,474,938
0,475,790
0,476,950
0,477,552
0,478,661
0,479,605
0,480,1060
0,481,548
0,482,840
0,483,1314
0,484,676
0,485,284
0,486,878
0,487,690
0,488,425
0,489,976
0,490,773
0,491,544
0,492,522
0,493,680
0,494,1283
0,495,505
0,496,743
0,497,460
2505,497,683
2506,497,615
2511,497,547
2512,497,648
2513,497,93
0,498,530
0,499,1112
0,500,1245
0,501,458
0,502,583
0,503,618
0,504,862
0,505,837
0,506,754
0,507,447
0,508,857
0,509,695
493,509,559
494,509,731
496,509,337
516,509,767
521,509,632
524,509,745
529,509,213
544,509,699
794,509,700
795,509,304
796,509,954
811,509,772
815,509,770
947,509,856
948,509,1016
954,509,991
1025,509,959
1100,509,961
1106,509,993
0,510,875
514,510,772
515,510,856
516,510,953
517,510,559
519,510,665
521,510,745
524,510,472
525,510,652
531,510,184
533,510,411
769,510,845
828,510,700
829,510,731
830,510,985
837,510,1119
838,510,291
1058,510,299
1059,510,1085
1119,510,766
1124,510,1171
1125,510,304
0,511,1198
0,512,959
491,512,117
492,512,183
493,512,184
494,512,304
508,512,695
515,512,745
516,512,731
795,512,343
797,512,770
815,512,975
816,512,956
818,512,700
820,512,56
821,512,1157
826,512,1300
1083,512,291
1085,512,1171
1086,512,299
1088,512,1178
1091,512,473
1092,512,1220
0,513,718
0,514,757
501,514,665
502,514,291
508,514,846
511,514,414
516,514,731
783,514,1127
788,514,184
789,514,1004
792,514,343
795,514,818
800,514,10
853,514,975
1102,514,337
1110,514,926
1149,514,700
1150,514,745
0,515,706
0,516,859
0,517,1005
0,518,876
0,519,717
0,520,1207
0,521,887
0,522,608
0,523,990
481,523,731
483,523,372
503,523,337
807,523,700
808,523,183
809,523,304
810,523,509
814,523,1293
826,523,1292
828,523,818
1081,523,975
1083,523,1300
0,524,861
0,525,1271
0,526,731
379,526,870
385,526,800
506,526,961
507,526,871
508,526,1004
777,526,414
778,526,632
779,526,184
780,526,1171
781,526,509
782,526,1057
789,526,652
790,526,975
791,526,827
795,526,700
796,526,299
800,526,1178
801,526,1292
804,526,1220
855,526,751
859,526,745
1079,526,818
1083,526,1300
1100,526,343
1102,526,163
0,527,755
0,528,1186
0,529,812
0,530,813
0,531,1203
0,532,1323
0,533,984
0,534,195
0,535,786
0,536,1270
0,537,774
0,538,759
0,539,797
952,539,765
958,539,838
1049,539,713
0,540,918
0,541,854
482,541,562
483,541,1127
484,541,473
530,541,795
532,541,632
535,541,665
536,541,745
540,541,529
786,541,683
787,541,56
788,541,304
789,541,167
791,541,928
798,541,975
853,541,337
1082,541,909
1103,541,913
1105,541,700
1108,541,1119
1110,541,1090
1112,541,509
1123,541,442
1149,541,926
0,542,1190
0,543,764
0,544,948
0,545,819
0,546,189
0,547,1209
0,548,1272
0,549,1262
0,550,977
0,551,746
0,552,1279
0,553,534
585,553,1216
677,553,77
0,554,943
0,555,785
0,556,789
0,557,801
0,558,1006
491,558,619
492,558,390
496,558,442
501,558,954
796,558,974
800,558,731
801,558,1178
805,558,975
856,558,1132
1080,558,700
1082,558,299
1083,558,770
1092,558,337
1095,558,926
1110,558,745
1111,558,501
1112,558,56
1113,558,1157
1114,558,411
1118,558,509
1122,558,1292
1125,558,473
1141,558,909
0,559,822
507,559,986
508,559,842
509,559,968
510,559,513
511,559,488
512,559,396
515,559,891
516,559,484
0,560,1195
0,561,1100
0,562,1240
0,563,777
0,564,769
0,565,951
0,566,855
0,567,713
498,567,847
499,567,838
500,567,704
513,567,1162
522,567,778
525,567,765
1098,567,939
1147,567,551
0,568,761
484,568,941
514,568,704
522,568,923
775,568,942
780,568,551
1098,568,775
0,569,808
0,570,1003
0,571,886
0,572,899
500,572,700
509,572,501
519,572,779
524,572,559
525,572,665
533,572,619
540,572,770
797,572,766
801,572,167
802,572,442
804,572,975
805,572,337
813,572,1325
1058,572,184
1059,572,1157
1060,572,1178
1061,572,1292
1062,572,1220
1066,572,1194
1094,572,909
0,573,814
0,574,900
509,574,472
519,574,501
533,574,411
549,574,818
788,574,1127
789,574,928
791,574,975
792,574,1132
800,574,700
801,574,1119
805,574,51
806,574,731
1114,574,749
1117,574,745
1118,574,683
1119,574,1045
1120,574,56
1121,574,509
1124,574,390
1125,574,167
1129,574,442
1131,574,1293
1140,574,1220
0,575,700
496,575,183
497,575,299
502,575,818
549,575,1127
783,575,167
784,575,731
785,575,442
787,575,1220
828,575,745
830,575,414
831,575,509
832,575,187
836,575,372
1080,575,472
1082,575,1293
1086,575,10
1092,575,1132
1093,575,701
1111,575,1016
1117,575,975
0,576,979
506,576,162
507,576,315
508,576,271
0,577,884
500,577,501
501,577,683
503,577,372
787,577,652
788,577,731
790,577,562
797,577,343
800,577,818
804,577,975
1065,577,700
1067,577,529
1068,577,117
1069,577,442
1071,577,1293
1072,577,770
1129,577,915
1149,577,928
0,578,890
0,579,771
0,580,779
500,580,652
501,580,632
503,580,472
510,580,710
516,580,117
805,580,997
808,580,700
810,580,183
811,580,884
815,580,745
817,580,184
818,580,299
828,580,1292
1062,580,213
1063,580,1072
1064,580,1293
1069,580,770
1077,580,699
0,581,791
0,582,735
0,583,982
0,584,1028
0,585,1031
0,586,1191
0,587,962
0,588,933
0,589,953
498,589,700
499,589,1171
536,589,956
540,589,559
543,589,442
783,589,909
815,589,1119
817,589,745
818,589,411
819,589,304
824,589,1072
827,589,731
829,589,1178
1067,589,770
1071,589,414
1072,589,1143
1074,589,562
1076,589,699
1077,589,1194
1101,589,875
1106,589,472
1107,589,51
1109,589,183
1110,589,56
1111,589,1157
1113,589,509
1123,589,928
1128,589,473
0,590,905
0,591,794
0,592,1294
0,593,796
0,594,1030
0,595,850
568,595,775
787,595,704
793,595,804
856,595,778
857,595,765
858,595,847
1080,595,713
1087,595,838
1098,595,551
1103,595,572
0,596,981
0,597,873
0,598,1241
0,599,991
503,599,56
781,599,414
782,599,683
783,599,1045
784,599,1171
785,599,509
787,599,442
791,599,343
792,599,975
797,599,1023
1076,599,700
1077,599,411
1127,599,745
1128,599,529
1131,599,731
0,600,823
0,601,955
0,602,745
515,602,1132
549,602,974
553,602,632
572,602,472
794,602,559
795,602,731
798,602,372
824,602,1220
836,602,700
843,602,683
844,602,975
1081,602,337
1111,602,758
1117,602,414
1118,602,291
1119,602,56
1120,602,1090
1122,602,304
1123,602,167
1131,602,442
1140,602,770
1141,602,928
0,603,818
501,603,985
509,603,700
516,603,731
783,603,927
787,603,683
788,603,1045
789,603,414
794,603,1119
795,603,411
796,603,304
797,603,975
854,603,727
860,603,472
861,603,909
1097,603,766
1101,603,745
1111,603,701
0,604,715
482,604,117
483,604,183
484,604,731
485,604,442
486,604,343
780,604,509
781,604,56
789,604,1220
1086,604,1072
1087,604,818
1089,604,1127
1094,604,337
0,605,928
529,605,893
533,605,559
535,605,472
572,605,163
796,605,700
797,605,745
798,605,731
800,605,1293
805,605,343
807,605,909
816,605,997
823,605,51
824,605,818
827,605,1300
1076,605,1194
1080,605,411
1081,605,562
1082,605,1292
1092,605,770
1095,605,975
1103,605,974
1106,605,414
1110,605,1119
1127,605,1023
0,606,798
0,607,807
0,608,844
0,609,23
0,610,907
0,611,975
589,611,985
679,611,766
685,611,997
686,611,811
692,611,915
784,611,732
790,611,974
791,611,826
1067,611,700
1068,611,184
1069,611,1072
1075,611,10
1081,611,337
1145,611,745
1146,611,414
0,612,733
0,613,696
0,614,1050
0,615,970
507,615,775
508,615,838
509,615,804
512,615,572
560,615,847
780,615,939
781,615,942
1079,615,923
1080,615,778
1094,615,1162
1095,615,707
0,616,897
0,617,866
504,617,213
511,617,701
544,617,997
549,617,1143
680,617,953
841,617,811
1076,617,770
1081,617,700
1087,617,1119
1088,617,1171
1089,617,818
1090,617,975
0,618,1079
0,619,1181
0,620,965
0,621,830
498,621,472
499,621,906
501,621,213
504,621,772
507,621,750
508,621,846
510,621,652
515,621,1045
780,621,184
781,621,928
789,621,915
791,621,731
792,621,1178
800,621,562
807,621,163
808,621,975
815,621,337
850,621,700
851,621,745
854,621,818
1078,621,770
1092,621,473
1100,621,1220
1144,621,722
1148,621,187
1149,621,1293
0,622,708
0,623,716
0,624,714
0,625,966
0,626,816
0,627,1231
0,628,827
397,628,949
487,628,766
492,628,795
493,628,749
494,628,722
495,628,762
777,628,1143
778,628,509
780,628,1220
789,628,1057
848,628,700
850,628,695
1076,628,51
1077,628,117
1078,628,184
1079,628,167
1080,628,818
1083,628,372
1089,628,975
1092,628,10
0,629,845
657,629,975
863,629,745
1096,629,731
1098,629,818
1127,629,770
1131,629,1300
0,630,946
0,631,1036
0,632,131
0,633,1025
0,634,780
490,634,213
491,634,1171
492,634,665
493,634,117
494,634,184
496,634,411
521,634,871
525,634,632
526,634,700
533,634,501
545,634,414
651,634,880
658,634,1016
811,634,802
819,634,947
1080,634,818
1085,634,1220
1100,634,1194
1129,634,745
1130,634,1090
1131,634,509
1132,634,390
1133,634,167
1140,634,442
1143,634,1127
0,635,1002
0,636,1274
0,637,863
0,638,1095
0,639,701
511,639,915
514,639,632
516,639,559
517,639,683
529,639,928
781,639,975
796,639,337
804,639,1220
1091,639,731
1094,639,442
1095,639,770
0,640,867
495,640,920
496,640,666
0,641,954
501,641,700
508,641,291
513,641,304
787,641,975
805,641,745
809,641,1072
811,641,167
813,641,187
816,641,731
819,641,1178
829,641,818
854,641,1127
1114,641,442
1120,641,770
1138,641,163
0,642,1199
0,643,841
0,644,313
0,645,1159
0,646,921
0,647,778
492,647,923
500,647,713
502,647,804
505,647,761
512,647,1162
1093,647,970
0,648,815
0,649,1070
0,650,952
0,651,1165
0,652,768
0,653,926
829,653,745
831,653,187
832,653,731
853,653,10
977,653,770
1125,653,700
0,654,734
0,655,699
544,655,701
816,655,1085
1057,655,1325
0,656,980
0,657,911
503,657,792
504,657,991
505,657,993
511,657,183
535,657,927
540,657,1006
545,657,632
553,657,1171
778,657,1143
779,657,411
781,657,167
783,657,731
784,657,442
785,657,975
797,657,1004
801,657,745
803,657,56
804,657,304
806,657,818
824,657,372
836,657,699
1071,657,700
1073,657,291
1075,657,562
1076,657,1293
1078,657,1220
1086,657,184
1094,657,213
1096,657,770
0,658,974
371,658,766
372,658,856
373,658,811
379,658,1016
380,658,751
469,658,1009
470,658,710
471,658,767
477,658,997
798,658,700
799,658,745
800,658,472
801,658,731
805,658,1178
813,658,337
1079,658,818
1080,658,770
1083,658,975
1091,658,1220
0,659,971
0,660,729
0,661,172
0,662,95
0,663,763
497,663,700
498,663,414
499,663,291
501,663,117
525,663,1292
775,663,757
779,663,559
780,663,343
781,663,1057
782,663,830
786,663,1171
788,663,1143
789,663,187
790,663,731
791,663,818
795,663,975
824,663,337
854,663,745
1089,663,442
1098,663,770
1122,663,1220
0,664,173
0,665,1218
0,666,1317
0,667,208
0,668,909
782,668,845
0,669,64
0,670,770
540,670,695
544,670,559
545,670,745
571,670,1119
792,670,975
804,670,229
807,670,337
0,671,338
0,672,865
0,673,1247
0,674,1001
0,675,967
0,676,1312
0,677,1204
0,678,828
0,679,957
0,680,310
0,681,825
0,682,744
0,683,275
0,684,849
0,685,1013
0,686,851
0,687,868
0,688,739
0,689,902
0,690,1008
0,691,810
0,692,852
0,693,756
0,694,882
0,695,895
0,696,711
0,697,1012
0,698,910
0,699,1067
0,700,720
0,701,912
0,702,1059
0,703,817
0,704,752
0,705,930
0,706,896
0,707,111
0,708,889
0,709,42
0,710,1313
0,711,782
0,712,244
0,713,1263
0,714,987
0,715,831
0,716,1134
0,717,1137
0,718,843
0,719,892
0,720,698
0,721,150
0,722,894
0,723,1322
0,724,1288
0,725,736
0,726,869
0,727,922
0,728,113
0,729,799
0,730,712
0,731,903
0,732,1092
0,733,223
0,734,1011
0,735,341
0,736,1253
0,737,725
0,738,806
0,739,879
0,740,989
0,741,61
0,742,1153
0,743,1020
0,744,999
0,745,582
0,746,1000
0,747,1269
0,748,936
0,749,1038
0,750,1242
0,751,858
0,752,963
0,753,901
0,754,1152
0,755,992
0,756,1026
493,756,572
785,756,1069
789,756,1140
790,756,1302
795,756,1061
1061,756,1113
1068,756,1229
0,757,1275
497,757,1171
499,757,56
503,757,337
807,757,1045
808,757,1072
813,757,1127
817,757,975
844,757,1090
845,757,1206
1071,757,1178
1072,757,442
1073,757,1293
1074,757,1292
1076,757,473
1077,757,1300
1079,757,1057
1129,757,1157
1134,757,1168
0,758,1123
0,759,1237
0,760,1178
792,760,1171
793,760,1090
794,760,411
795,760,1127
796,760,975
805,760,337
814,760,1143
819,760,1157
826,760,187
828,760,442
829,760,343
1088,760,1072
1104,760,304
1105,760,509
1122,760,390
1129,760,1292
0,761,1061
484,761,1162
513,761,1216
518,761,572
811,761,1055
1064,761,1140
1065,761,1183
1083,761,1302
1086,761,1146
0,762,1064
483,762,501
484,762,1157
485,762,187
486,762,167
487,762,442
496,762,1171
497,762,1045
500,762,51
528,762,337
825,762,1143
826,762,1090
827,762,1119
832,762,304
833,762,299
1095,762,1178
1096,762,343
1100,762,1292
1104,762,770
1122,762,1125
0,763,1224
0,764,1087
0,765,1193
0,766,1115
0,767,653
0,768,1239
499,768,117
501,768,1143
502,768,299
795,768,1125
797,768,1045
798,768,1072
799,768,187
802,768,1178
804,768,442
807,768,562
819,768,337
1102,768,1119
1105,768,1157
1106,768,1090
1107,768,411
1129,768,1122
1141,768,343
0,769,44
0,770,1324
0,771,403
0,772,1258
0,773,1162
386,773,1146
392,773,1302
776,773,1026
777,773,1061
790,773,1113
811,773,572
1070,773,1229
1071,773,1069
0,774,1219
487,774,652
488,774,167
491,774,473
496,774,1119
538,774,1143
549,774,411
787,774,1275
789,774,1171
794,774,1157
795,774,1072
796,774,163
807,774,337
848,774,1057
1079,774,1293
1092,774,975
1093,774,1132
0,775,1201
0,776,651
0,777,597
0,778,1266
0,779,407
0,780,1113
497,780,1162
512,780,572
1077,780,797
0,781,569
0,782,1252
480,782,1101
483,782,1043
484,782,1221
486,782,1319
489,782,1248
490,782,1027
493,782,920
494,782,283
495,782,329
498,782,332
0,783,1073
0,784,1316
0,785,1143
498,785,183
501,785,1072
789,785,343
791,785,473
795,785,337
1093,785,818
1094,785,928
1095,785,1119
1099,785,1157
1100,785,299
1103,785,442
1114,785,975
0,786,281
0,787,475
0,788,1104
0,789,1157
480,789,167
481,789,229
482,789,337
525,789,700
526,789,1278
529,789,745
536,789,1171
552,789,1161
780,789,1292
801,789,975
807,789,1119
810,789,1045
811,789,1143
813,789,1090
814,789,509
815,789,1072
816,789,390
817,789,1127
1088,789,1293
1143,789,1220
0,790,1302
375,790,118
381,790,75
797,790,1229
798,790,1061
1059,790,1113
1061,790,1091
1069,790,850
0,791,1311
481,791,473
482,791,10
800,791,1072
801,791,299
802,791,187
803,791,1220
833,791,1249
835,791,1090
836,791,1143
840,791,1119
841,791,1157
856,791,1178
863,791,975
1083,791,562
1085,791,818
1087,791,337
1141,791,304
1142,791,1276
1145,791,1293
0,792,1146
383,792,1302
388,792,1162
535,792,1140
536,792,1229
841,792,1091
846,792,1069
1074,792,1026
1103,792,551
1151,792,1061
0,793,1053
488,793,184
489,793,619
490,793,183
491,793,299
496,793,731
516,793,337
528,793,1145
531,793,472
802,793,1045
805,793,1090
806,793,1072
812,793,1119
814,793,1111
820,793,390
829,793,187
1081,793,1157
1082,793,1220
0,794,1140
488,794,704
522,794,1113
568,794,850
786,794,1069
790,794,1146
792,794,1229
797,794,1055
799,794,1170
1062,794,1061
1072,794,797
0,795,1200
0,796,1215
0,797,1210
0,798,1068
504,798,1043
505,798,842
506,798,891
508,798,332
513,798,968
514,798,904
0,799,1249
479,799,337
480,799,1157
481,799,411
482,799,343
483,799,163
490,799,229
795,799,1129
798,799,1119
799,799,1171
804,799,1090
805,799,187
806,799,167
807,799,442
826,799,1293
1062,799,1143
1064,799,1072
1065,799,1178
1066,799,562
1067,799,1220
1112,799,304
1119,799,975
0,800,35
0,801,1289
0,802,1091
497,802,1229
512,802,1146
517,802,1026
569,802,1113
785,802,572
0,803,449
0,804,1120
0,805,498
0,806,1216
491,806,1302
535,806,1162
560,806,572
806,806,1069
1064,806,1170
1083,806,1229
0,807,533
0,808,1194
497,808,1306
499,808,683
500,808,1090
778,808,1107
781,808,411
783,808,1102
785,808,1143
787,808,509
789,808,818
791,808,975
796,808,337
1092,808,1045
1094,808,1178
1095,808,1127
0,809,1182
0,810,94
0,811,1259
0,812,1273
0,813,1291
0,814,1042
0,815,1295
0,816,211
0,817,1170
480,817,572
482,817,1162
493,817,1069
497,817,1113
0,818,1045
490,818,51
491,818,1157
492,818,411
496,818,299
497,818,337
515,818,1086
517,818,632
518,818,683
521,818,665
525,818,472
531,818,652
785,818,1090
786,818,167
789,818,1127
795,818,1171
801,818,1072
804,818,818
806,818,975
1069,818,1250
1071,818,1292
1074,818,1249
1076,818,1178
1077,818,1293
1078,818,770
1079,818,1300
1083,818,1220
1145,818,442
0,819,85
0,820,120
0,821,554
0,822,430
0,823,234
0,824,1069
491,824,327
492,824,1055
777,824,1026
778,824,1146
811,824,1113
1067,824,1229
0,825,1171
491,825,1045
493,825,56
497,825,1157
511,825,337
525,825,1130
527,825,632
528,825,51
805,825,1235
807,825,1143
808,825,1072
809,825,299
817,825,187
819,825,731
826,825,562
828,825,975
1078,825,1119
1079,825,1090
1080,825,1293
1081,825,10
1094,825,1300
0,826,1173
0,827,1129
501,827,501
502,827,1143
515,827,337
819,827,1090
820,827,509
826,827,1072
828,827,390
829,827,731
832,827,229
1099,827,1171
1100,827,1157
1101,827,304
1103,827,187
1123,827,1293
0,828,1119
492,828,167
503,828,731
516,828,337
533,828,1219
535,828,559
538,828,665
540,828,745
545,828,501
789,828,1090
790,828,1072
791,828,187
792,828,442
798,828,928
810,828,229
828,828,1249
832,828,1157
834,828,509
837,828,299
840,828,1178
856,828,343
1094,828,1045
1100,828,818
1140,828,1293
0,829,215
0,830,210
0,831,1055
488,831,572
789,831,1091
812,831,1170
1103,831,1061
1113,831,1069
1114,831,1216
0,832,707
1094,832,797
0,833,236
0,834,1161
552,834,1290
784,834,1220
1126,834,1292
0,835,1234
0,836,290
0,837,446
0,838,610
0,839,1229
391,839,1146
396,839,1162
484,839,1170
487,839,1183
769,839,1061
786,839,1113
789,839,572
0,840,1246
0,841,1187
0,842,1325
804,842,1072
808,842,163
829,842,975
850,842,337
0,843,1297
0,844,1164
0,845,136
0,846,572
368,846,261
657,846,761
662,846,1170
761,846,1091
768,846,504
769,846,70
770,846,495
1093,846,797
0,847,1168
499,847,665
500,847,414
501,847,559
502,847,683
517,847,731
796,847,1154
799,847,1072
801,847,1143
805,847,56
806,847,1157
808,847,299
809,847,187
813,847,1178
816,847,975
853,847,1220
1076,847,1292
1077,847,770
1095,847,1045
1110,847,343
1127,847,818
0,848,1189
0,849,1197
478,849,1101
479,849,1221
480,849,1027
481,849,1043
482,849,920
483,849,666
488,849,783
492,849,842
495,849,968
496,849,891
497,849,484
0,850,1051
0,851,1287
0,852,677
0,853,1021
543,853,1018
552,853,1318
571,853,745
797,853,1220
1122,853,1157
1130,853,562
1132,853,1178
0,854,599
0,855,1177
0,856,1085
781,856,1161
0,857,1065
0,858,1250
486,858,299
487,858,1157
491,858,304
492,858,187
509,858,1166
513,858,291
804,858,411
805,858,731
811,858,954
1064,858,1045
1066,858,1090
1067,858,1072
1068,858,1220
1077,858,1171
1081,858,1292
1082,858,1119
1087,858,163
1100,858,337
0,859,1090
500,859,1045
515,859,731
792,859,1072
795,859,473
805,859,1220
816,859,701
1093,859,1119
1095,859,1143
1096,859,299
1097,859,187
1098,859,167
1099,859,1127
1100,859,163
1102,859,975
0,860,1300
813,860,337
1098,860,1045
1099,860,183
1100,860,1171
1101,860,1157
1102,860,1293
1123,860,229
0,861,1103
0,862,1072
501,862,731
516,862,1306
519,862,559
523,862,529
534,862,51
797,862,1133
800,862,1119
801,862,1090
803,862,1276
808,862,390
810,862,928
833,862,1220
1075,862,1157
1077,862,1292
1078,862,975
1090,862,337
1093,862,1130
1096,862,1143
1097,862,1171
1101,862,1045
1105,862,411
1106,862,304
1129,862,1057
0,863,1236
0,864,1057
781,864,1085
816,864,1072
826,864,731
829,864,1178
854,864,343
856,864,975
1098,864,229
1123,864,1194
0,865,197
0,866,1238
0,867,1023
797,867,1157
798,867,1290
801,867,1045
802,867,51
803,867,1072
804,867,337
1086,867,1151
1090,867,1143
1091,867,1090
1092,867,1145
1096,867,1293
1102,867,343
1110,867,1127
1141,867,770
1143,867,975
0,868,1084
531,868,154
0,869,1260
0,870,1251
0,871,174
0,872,1086
483,872,1157
484,872,1127
549,872,1132
780,872,1143
782,872,1171
783,872,975
793,872,1084
845,872,304
848,872,509
851,872,1072
853,872,731
854,872,1178
980,872,1126
1123,872,1119
0,873,555
0,874,1110
0,875,1220
675,875,1122
805,875,1171
1072,875,562
1073,875,1293
1076,875,1023
1080,875,1132
1092,875,1178
1096,875,928
1123,875,909
1141,875,845
0,876,93
0,877,1108
0,878,1175
0,879,1149
0,880,1
0,881,1117
0,882,1192
0,883,648
0,884,1183
485,884,572
512,884,1061
523,884,1146
775,884,1229
776,884,1069
807,884,1140
818,884,1216
0,885,280
0,886,1132
515,886,1239
519,886,472
521,886,411
525,886,1293
543,886,1021
0,887,1142
503,887,501
509,887,184
531,887,1084
532,887,1086
534,887,700
796,887,1090
797,887,1072
798,887,299
799,887,1223
801,887,1157
802,887,304
803,887,509
805,887,1127
813,887,1300
826,887,1194
1066,887,1119
1068,887,1293
1069,887,1292
1070,887,770
1072,887,699
1076,887,1220
1095,887,337
0,888,1136
0,889,68
0,890,1208
0,891,1188
0,892,227
0,893,1131
0,894,1074
0,895,1029
0,896,1290
506,896,1267
508,896,700
516,896,665
519,896,683
791,896,1171
792,896,1045
793,896,1157
794,896,1090
795,896,299
796,896,187
797,896,562
800,896,343
805,896,975
807,896,229
810,896,699
836,896,1220
1061,896,1119
1062,896,1293
1063,896,1292
1064,896,954
1137,896,509
0,897,1127
482,897,229
489,897,1151
492,897,1157
497,897,390
800,897,1220
1068,897,1072
1071,897,1292
1077,897,473
1083,897,1084
0,898,1076
0,899,1315
0,900,1130
486,900,1157
487,900,731
496,900,473
801,900,1072
802,900,390
803,900,187
804,900,337
805,900,1194
827,900,1267
829,900,1090
831,900,299
1094,900,1143
1095,900,1171
1124,900,1220
0,901,1292
525,901,337
813,901,1220
0,902,196
0,903,200
0,904,333
0,905,1257
0,906,1232
0,907,1293
525,907,229
804,907,1157
805,907,1072
806,907,473
1071,907,10
1075,907,1220
1124,907,1090
1127,907,390
1128,907,299
1129,907,1178
1131,907,770
0,908,1080
0,909,547
0,910,1118
0,911,230
0,912,1310
0,913,127
0,914,233
0,915,1156
0,916,1081
499,916,1101
500,916,1043
501,916,891
502,916,920
514,916,488
515,916,464
516,916,396
517,916,558
0,917,1105
0,918,324
0,919,615
0,920,1122
495,920,1126
498,920,1143
501,920,1064
510,920,337
804,920,1072
805,920,390
806,920,299
807,920,187
808,920,167
811,920,975
1077,920,1293
1078,920,1171
1079,920,1119
1083,920,1178
0,921,1063
0,922,540
0,923,1235
503,923,665
516,923,414
545,923,213
807,923,1157
808,923,1090
809,923,411
810,923,390
815,923,187
816,923,167
1079,923,1292
1081,923,770
1088,923,975
1138,923,1293
1140,923,1126
0,924,134
0,925,14
375,925,337
0,926,629
0,927,634
0,928,1148
0,929,1098
0,930,303
0,931,1298
0,932,1169
0,933,432
0,934,67
0,935,1304
0,936,545
0,937,550
0,938,1305
0,939,1121
0,940,1158
0,941,1144
0,942,1150
0,943,1176
0,944,130
0,945,1032
0,946,510
0,947,404
0,948,302
0,949,1284
0,950,114
0,951,1180
0,952,536
0,953,123
0,954,1285
0,955,257
0,956,147
0,957,1114
0,958,34
0,959,1044
0,960,898
0,961,259
0,962,1116
0,963,486
0,964,1213
0,965,463
0,966,917
0,967,1326
0,968,1214
0,969,49
0,970,418
0,971,681
0,972,1078
0,973,490
0,974,1320
0,975,182
0,976,507
0,977,1096
0,978,1075
0,979,1099
0,980,1280
0,981,1135
0,982,678
0,983,41
0,984,638
0,985,107
0,986,264
0,987,121
0,988,235
0,989,1054
0,990,1172
0,991,809
0,992,450
0,993,188
0,994,1160
0,995,1048
0,996,1222
0,997,306
0,998,1124
0,999,672
0,1000,32
0,1001,157
0,1002,580
0,1003,1083
0,1004,87
0,1005,1227
0,1006,1047
0,1007,1226
0,1008,55
0,1009,627
0,1010,143
